{"RSI": {"min": 0.0, "max": 100.0}, "ROC": {"min": -21.371990387668827, "max": 24.069225349649482}, "OBV": {"min": -7006832.02272256, "max": 8228472.807283893}}