{"RSI": {"min": 0.0, "max": 100.0}, "StochRSI": {"min": 0.0, "max": 1.0}, "ROC": {"min": -21.371990387668827, "max": 24.069225349649482}, "Aroon_Oscillator": {"min": -96.0, "max": 96.0}}