{"RSI": {"min": 0.0, "max": 100.0}, "StochRSI": {"min": 0.0, "max": 1.0}, "ROC": {"min": -27.548754694826837, "max": 32.052400839410744}, "Aroon_Oscillator": {"min": -96.0, "max": 96.0}}