{"RSI": {"min": 0.0, "max": 100.0}, "StochRSI": {"min": 0.0, "max": 1.0}, "ROC": {"min": -22.053443428523888, "max": 26.920430325233724}, "MACD": {"min": -51.04178492442904, "max": 42.086995945510466}, "Aroon_Up": {"min": 0.0, "max": 92.85714285714286}, "Aroon_Down": {"min": 0.0, "max": 92.85714285714286}, "Aroon_Oscillator": {"min": -92.85714285714286, "max": 92.85714285714286}, "OBV": {"min": -4795606.257618202, "max": 2315092.50141932}}