{"Tenkan_sen": {"min": 96.8424375000003, "max": 4847.731375000016}, "Kijun_sen": {"min": 98.52962500000032, "max": 4846.002468750015}, "Senkou_span_a": {"min": 97.68603125000031, "max": 4844.957000000016}, "Senkou_span_b": {"min": 105.48509375000035, "max": 4830.547156250015}, "Chikou_span": {"min": 89.33631250000029, "max": 4851.361500000015}}