{"RSI": {"min": 0.0, "max": 100.0}, "StochRSI": {"min": 0.0, "max": 1.0}, "ROC": {"min": -21.483477341250754, "max": 25.95933141583466}, "Aroon_Oscillator": {"min": -96.0, "max": 96.0}, "OBV": {"min": -4795606.257618202, "max": 2315092.50141932}}