{"RSI": {"min": 0.0, "max": 100.0}, "ROC": {"min": -21.60698590910379, "max": 21.912905651996127}, "OBV": {"min": -13110130.077690415, "max": 369480.47499999945}}