{"Tenkan_sen": {"min": 106.10096875000033, "max": 4823.010468750015}, "Kijun_sen": {"min": 108.61046875000034, "max": 4798.0098437500155}, "Senkou_span_a": {"min": 109.33837500000035, "max": 4803.238781250016}, "Senkou_span_b": {"min": 110.35868750000034, "max": 4783.833031250015}}