{"Coppock": {"min": -16.02421700419282, "max": 18.202400169574243}, "RSI": {"min": 0.0, "max": 100.0}, "StochRSI": {"min": 0.0, "max": 1.0}, "ROC": {"min": -23.76343585687032, "max": 58.23924995091303}, "MACD": {"min": -54.717310736754186, "max": 40.46633680938989}, "Aroon_Up": {"min": 0.0, "max": 96.0}, "Aroon_Down": {"min": 0.0, "max": 96.0}, "Aroon_Oscillator": {"min": -96.0, "max": 96.0}}