{"RSI": {"min": 0.0, "max": 100.0}, "StochRSI": {"min": 0.0, "max": 1.0}, "ROC": {"min": -25.518455764976046, "max": 33.39102342217606}, "Aroon_Oscillator": {"min": -96.0, "max": 96.0}}