{"RSI": {"min": 0.0, "max": 100.0}, "ROC": {"min": -31.690568789499274, "max": 67.67028376381884}, "OBV": {"min": -18820416.06015976, "max": 466707.37500000093}}