{"RSI": {"min": 0.0, "max": 100.0}, "StochRSI": {"min": 0.0, "max": 1.0}, "ROC": {"min": -25.904037161965, "max": 20.71049291116156}, "MACD": {"min": -43.76936537332986, "max": 90.4208445215993}, "Aroon_Up": {"min": 0.0, "max": 92.85714285714286}, "Aroon_Down": {"min": 0.0, "max": 92.85714285714286}, "Aroon_Oscillator": {"min": -92.85714285714286, "max": 92.85714285714286}, "OBV": {"min": -4836709.718106248, "max": 21153273.631720558}}