{"Tenkan_sen": {"min": 2478.122968750008, "max": 3409.9536875000103}, "Kijun_sen": {"min": 2490.508718750008, "max": 3334.7755937500106}, "Senkou_span_a": {"min": 2486.255765625008, "max": 3333.9183906250105}, "Senkou_span_b": {"min": 2492.381562500008, "max": 3324.8412187500107}, "Chikou_span": {"min": 2474.307125000008, "max": 3427.7196875000104}}