{"Tenkan_sen": {"min": 100.62512500000034, "max": 4844.828937500015}, "Kijun_sen": {"min": 105.47828125000035, "max": 4827.165218750015}, "Senkou_span_a": {"min": 105.08610937500035, "max": 4827.675078125016}, "Senkou_span_b": {"min": 108.00134375000034, "max": 4802.528812500015}, "Chikou_span": {"min": 96.13781250000032, "max": 4846.589937500015}}