{"Tenkan_sen": {"min": 104.88034375000034, "max": 4845.558375000015}, "Kijun_sen": {"min": 106.18287500000035, "max": 4802.169250000015}, "Senkou_span_a": {"min": 106.05137500000035, "max": 4812.289109375015}, "Senkou_span_b": {"min": 108.17731250000035, "max": 4793.404406250015}, "Chikou_span": {"min": 98.19350000000031, "max": 4846.019312500015}}