{"Coppock": {"min": -16.699102998189403, "max": 11.418530966795387}, "RSI": {"min": 0.0, "max": 100.0}, "StochRSI": {"min": 0.0, "max": 1.0}, "ROC": {"min": -21.371990387668827, "max": 22.222916219038712}, "MACD": {"min": -45.848851008791556, "max": 76.88001371959649}, "Aroon_Up": {"min": 0.0, "max": 92.85714285714286}, "Aroon_Down": {"min": 0.0, "max": 92.85714285714286}, "Aroon_Oscillator": {"min": -92.85714285714286, "max": 92.85714285714286}}